"Department","CommonGroups"
"test","groupa"
"IS System Development",""
"Loss Prevention",""
"-",""
"Corporate Insurance",""
"Buying & Merchandising",""
"Field Operations",""
"Product Development",""
"Corporate Tax",""
"IS Enterprise Systems",""
"Traffic",""
"Retail Accounting",""
"Merchandising & Buying",""
"Customer Care",""
"HR Admin & Personnel Svcs",""
"IS Data Center",""
"Administration2",""
"Users",""
"IS - Telecommunications",""
"IS Technical Services",""
"Retail Systems",""
"Marketing",""
"Brand Marketing",""
"E-Commerce",""
"Sourcing",""
"Lebanon Distribution Ctr",""
"Store Planning & Construc",""
"Corporate Auditing",""
"Corp. Acctg & Fin Rptng",""
"Order Mgmt & Corp Systems",""
"Wholesale Salesmen",""
"Building Services Securit",""
"Operations",""
"Commerce Farms Warehouse",""
"IS Information Center",""
"Warehouse2",""
"Real Estate",""
"Warehouse",""
"Payroll",""
"Brand Accounting",""
"Accounting",""
"Credit",""
"Ernst & Young",""
"Corporate Relations",""
"PMO",""
"GCO HQ",""
"Accounts Payable",""
"Stores",""
"Lease Administration",""
"Staff Accounting 565",""
"Finance - Admin",""
"GPAB Mail Services",""
"IS Operations Admin",""
"Legal - Real Estate",""
"Receiving",""
"Trucking",""
"Administration",""
"Corporate Legal",""
"IS - Security Compliance",""
"JDC-Operations",""
"Financial Ops &Treasury",""
"Executive Operations",""
"Store Supplies",""
"JDC",""
"Warehouse3",""
"608",""
